-- ============================================================
-- 东软智慧云脑诊疗平台 - 示例数据脚本
-- ============================================================
-- 说明：
--   本脚本为 hospital_cloud_brain 数据库插入合理的示例数据，
--   严格遵循表间外键关联关系，模拟真实医院业务场景。
--   使用前请确保已执行建表脚本 hospital_cloud_brain.sql。
--   本脚本不创建/修改表结构，仅插入数据。
--
-- 插入顺序（按依赖关系）：
--   1. department       科室表（基础字典）
--   2. regist_level     挂号级别表（基础字典）
--   3. settle_category  结算类别表（基础字典）
--   4. scheduling       排班表（基础字典）
--   5. medical_technology 医技项目表（依赖 department）
--   6. disease          疾病表（基础字典）
--   7. drug_info        药品信息表（基础字典）
--   8. employee         员工表（依赖 department, regist_level, scheduling）
--   9. register         挂号表（依赖 department, employee, regist_level, settle_category）
--  10. check_request    检查申请表（依赖 register, medical_technology）
--  11. inspection_request 检验申请表（依赖 register, medical_technology）
--  12. disposal_request 处置申请表（依赖 register, medical_technology）
--  13. prescription     处方表（依赖 register, drug_info）
-- ============================================================

USE `hospital_cloud_brain`;

-- ============================================================
-- 1. 科室表 department
-- ============================================================
INSERT INTO `department` (`id`, `dept_code`, `dept_name`, `dept_type`, `delmark`) VALUES
(1,  'SJNK',  '神经内科',   '内科', 1),
(2,  'SJWK',  '神经外科',   '外科', 1),
(3,  'XNK',   '心内科',     '内科', 1),
(4,  'GK',    '骨科',       '外科', 1),
(5,  'HXNK',  '呼吸内科',   '内科', 1),
(6,  'XHNK',  '消化内科',   '内科', 1),
(7,  'PWK',   '普外科',     '外科', 1),
(8,  'EK',    '儿科',       '内科', 1),
(9,  'PFK',   '皮肤科',     '专科', 1),
(10, 'YK',    '眼科',       '专科', 1);

-- ============================================================
-- 2. 挂号级别表 regist_level
-- ============================================================
INSERT INTO `regist_level` (`id`, `regist_code`, `regist_name`, `regist_fee`, `regist_quota`, `sequence_no`, `delmark`) VALUES
(1, 'PT',   '普通号',   14.00,  80, 1, 1),
(2, 'ZJ',   '专家号',   50.00,  30, 2, 1),
(3, 'TX',   '特需号',  200.00,  10, 3, 1),
(4, 'JZ',   '急诊号',   28.00,  50, 4, 1);

-- ============================================================
-- 3. 结算类别表 settle_category
-- ============================================================
INSERT INTO `settle_category` (`id`, `settle_code`, `settle_name`, `sequence_no`, `delmark`) VALUES
(1, 'YB',   '医保',   1, 1),
(2, 'ZF',   '自费',   2, 1),
(3, 'XNH',  '新农合', 3, 1),
(4, 'GSYB', '工伤医保', 4, 1);

-- ============================================================
-- 4. 排班表 scheduling
-- ============================================================
INSERT INTO `scheduling` (`id`, `rule_name`, `week_rule`, `delmark`) VALUES
(1, '周一至周五全天',   '1111100', 1),
(2, '周一三五全天',     '1010100', 1),
(3, '周二四全天',       '0101000', 1),
(4, '周一至周六全天',   '1111110', 1),
(5, '周末轮值',         '0000011', 1);

-- ============================================================
-- 5. 医技项目表 medical_technology
-- ============================================================
-- 检查类（归放射科/功能检查科）
INSERT INTO `medical_technology` (`id`, `tech_code`, `tech_name`, `tech_format`, `tech_price`, `tech_type`, `price_type`, `deptment_id`) VALUES
(1,  'JCFW001', '头颅CT平扫',       '次',  380.00, '检查', '检查费', 2),
(2,  'JCFW002', '头颅MRI平扫',      '次',  720.00, '检查', '检查费', 2),
(3,  'JCFW003', '胸部CT平扫',       '次',  350.00, '检查', '检查费', 5),
(4,  'JCFW004', '腹部超声',         '次',  120.00, '检查', '检查费', 6),
(5,  'JCFW005', '颈椎X线',          '次',   80.00, '检查', '检查费', 4),
(6,  'JCFW006', '心脏彩超',         '次',  260.00, '检查', '检查费', 3),
(7,  'JCFW007', '脑电图',           '次',  180.00, '检查', '检查费', 1),
(8,  'JCFW008', '经颅多普勒',       '次',  220.00, '检查', '检查费', 1),
-- 检验类（归检验科）
(9,  'JYFW001', '血常规',           '项',   25.00, '检验', '化验费', 1),
(10, 'JYFW002', '尿常规',           '项',   20.00, '检验', '化验费', 1),
(11, 'JYFW003', '肝功能',           '套',   85.00, '检验', '化验费', 1),
(12, 'JYFW004', '肾功能',           '套',   75.00, '检验', '化验费', 1),
(13, 'JYFW005', '血脂四项',         '套',   65.00, '检验', '化验费', 1),
(14, 'JYFW006', '血糖',             '项',   10.00, '检验', '化验费', 1),
(15, 'JYFW007', '凝血四项',         '套',   90.00, '检验', '化验费', 1),
(16, 'JYFW008', '心肌酶谱',         '套',  110.00, '检验', '化验费', 3),
(17, 'JYFW009', 'C反应蛋白',        '项',   35.00, '检验', '化验费', 1),
(18, 'JYFW010', '电解质',           '套',   55.00, '检验', '化验费', 1),
-- 处置类（归各临床科室）
(19, 'CZFW001', '静脉输液',         '次',   15.00, '处置', '处置费', 1),
(20, 'CZFW002', '肌肉注射',         '次',    5.00, '处置', '处置费', 1),
(21, 'CZFW003', '雾化吸入',         '次',   20.00, '处置', '处置费', 5),
(22, 'CZFW004', '换药',             '次',   25.00, '处置', '处置费', 7),
(23, 'CZFW005', '石膏固定',         '次',  120.00, '处置', '处置费', 4),
(24, 'CZFW006', '腰椎穿刺',         '次',  200.00, '处置', '处置费', 1),
(25, 'CZFW007', '清创缝合',         '次',   80.00, '处置', '处置费', 7);

-- ============================================================
-- 6. 疾病表 disease
-- ============================================================
INSERT INTO `disease` (`id`, `disease_code`, `disease_name`, `diseaseICD`, `disease_category`) VALUES
(1,  'PJNZ',   '偏头痛',           'G43.900',   '神经系统'),
(2,  'NJSJ',   '脑梗死',           'I63.900',   '神经系统'),
(3,  'NDCHX',  '脑出血',           'I61.900',   '神经系统'),
(4,  'DNDJ',   '短暂性脑缺血发作',  'G45.900',   '神经系统'),
(5,  'DX',     '癫痫',             'G40.900',   '神经系统'),
(6,  'PJSJ',   '帕金森病',         'G20.x00',   '神经系统'),
(7,  'GXY',    '高血压病',          'I10.x00',   '心血管系统'),
(8,  'GXS',    '冠心病',           'I25.100',   '心血管系统'),
(9,  'XLSC',   '心律失常',          'I49.900',   '心血管系统'),
(10, 'XJGS',   '心肌梗死',          'I21.900',   '心血管系统'),
(11, 'QG',     '青光眼',           'H40.900',   '眼科'),
(12, 'JMS',    '结膜炎',           'H10.900',   '眼科'),
(13, 'FYYM',   '肺炎',             'J18.900',   '呼吸系统'),
(14, 'QGXC',   '支气管哮喘',        'J45.900',   '呼吸系统'),
(15, 'MXTJ',   '慢性支气管炎',      'J42.x00',   '呼吸系统'),
(16, 'MWK',    '胃溃疡',           'K25.900',   '消化系统'),
(17, 'ERYY',   '十二指肠溃疡',      'K26.900',   '消化系统'),
(18, 'GC',     '痔疮',             'K64.900',   '消化系统'),
(19, 'GZJY',   '颈椎病',           'M47.800',   '骨科'),
(20, 'YJTP',   '腰椎间盘突出',      'M51.100',   '骨科'),
(21, 'GZ',    '骨折',             'S92.900',   '骨科'),
(22, 'SJS',    '上呼吸道感染',      'J06.900',   '呼吸系统'),
(23, 'PFHS',   '带状疱疹',         'B02.900',   '皮肤科'),
(24, 'PFSE',   '湿疹',             'L30.900',   '皮肤科'),
(25, 'ETX',    '儿童腹泻',         'A09.x00',   '儿科');

-- ============================================================
-- 7. 药品信息表 drug_info
-- ============================================================
INSERT INTO `drug_info` (`id`, `drug_code`, `drug_name`, `drug_format`, `drug_unit`, `manufacturer`, `drug_dosage`, `drug_type`, `drug_price`, `mnemonic_code`, `creation_date`) VALUES
(1,  'YP001', '阿司匹林肠溶片',     '100mg*30片',    '盒', '拜耳医药',         '片剂', '西药',   25.00,  'ASPL',  '2024-01-15'),
(2,  'YP002', '氯吡格雷片',         '75mg*7片',      '盒', '赛诺菲',           '片剂', '西药',  128.00,  'LBGP',  '2024-01-15'),
(3,  'YP003', '阿托伐他汀钙片',     '20mg*7片',      '盒', '辉瑞制药',         '片剂', '西药',   56.00,  'ATFT',  '2024-01-15'),
(4,  'YP004', '硝苯地平控释片',     '30mg*7片',      '盒', '拜耳医药',         '片剂', '西药',   35.00,  'XBDP',  '2024-01-15'),
(5,  'YP005', '美托洛尔缓释片',     '47.5mg*7片',    '盒', '阿斯利康',         '片剂', '西药',   22.00,  'MTLLE', '2024-01-15'),
(6,  'YP006', '奥美拉唑肠溶胶囊',   '20mg*14粒',     '盒', '阿斯利康',         '胶囊', '西药',   38.00,  'AMLZ',  '2024-01-15'),
(7,  'YP007', '头孢克肟分散片',     '100mg*6片',     '盒', '广州白云山',       '片剂', '西药',   32.00,  'TBKW',  '2024-01-15'),
(8,  'YP008', '布洛芬缓释胶囊',     '300mg*20粒',    '盒', '中美天津史克',     '胶囊', '西药',   18.00,  'BLF',   '2024-01-15'),
(9,  'YP009', '对乙酰氨基酚片',     '500mg*12片',    '盒', '中美上海施贵宝',   '片剂', '西药',   12.00,  'DYXA',  '2024-01-15'),
(10, 'YP010', '氨氯地平片',         '5mg*7片',       '盒', '辉瑞制药',         '片剂', '西药',   42.00,  'ALDP',  '2024-01-15'),
(11, 'YP011', '盐酸曲马多缓释片',   '100mg*10片',    '盒', '北京萌蒂制药',     '片剂', '西药',   45.00,  'YSQMD', '2024-01-15'),
(12, 'YP012', '卡马西平片',         '200mg*30片',    '盒', '北京诺华',         '片剂', '西药',   28.00,  'KMXP',  '2024-01-15'),
(13, 'YP013', '丙戊酸钠缓释片',     '500mg*30片',    '盒', '杭州赛诺菲',       '片剂', '西药',   68.00,  'BWGSN', '2024-01-15'),
(14, 'YP014', '左旋多巴片',         '250mg*30片',    '盒', '上海罗氏',         '片剂', '西药',   55.00,  'ZXDB',  '2024-01-15'),
(15, 'YP015', '舒血宁注射液',       '5ml*10支',      '盒', '北京双鹤',         '注射', '中成药', 38.00,  'SXN',   '2024-01-15'),
(16, 'YP016', '复方丹参滴丸',       '27mg*180丸',    '盒', '天士力制药',       '丸剂', '中成药', 25.00,  'FFDS',  '2024-01-15'),
(17, 'YP017', '阿莫西林胶囊',       '250mg*24粒',    '盒', '珠海联邦',         '胶囊', '西药',   15.00,  'AMXL',  '2024-01-15'),
(18, 'YP018', '蒙脱石散',           '3g*10袋',       '盒', '博福-益普生',     '散剂', '西药',   22.00,  'MTLS',  '2024-01-15'),
(19, 'YP019', '孟鲁司特钠咀嚼片',   '5mg*6片',       '盒', '默沙东',           '片剂', '西药',   68.00,  'MLST',  '2024-01-15'),
(20, 'YP020', '氯雷他定片',         '10mg*6片',      '盒', '上海先灵葆雅',     '片剂', '西药',   28.00,  'LLTD',  '2024-01-15'),
(21, 'YP021', '沙格列汀片',         '5mg*14片',      '盒', '阿斯利康',         '片剂', '西药',   86.00,  'SGLT',  '2024-01-15'),
(22, 'YP022', '阿卡波糖片',         '50mg*30片',     '盒', '拜耳医药',         '片剂', '西药',   65.00,  'KBTP',  '2024-01-15'),
(23, 'YP023', '氯化钠注射液',       '0.9% 250ml',    '瓶', '四川科伦',         '注射', '西药',    3.50,  'LHN',   '2024-01-15'),
(24, 'YP024', '葡萄糖注射液',       '5% 250ml',      '瓶', '四川科伦',         '注射', '西药',    3.80,  'PTTS',  '2024-01-15'),
(25, 'YP025', '注射用头孢曲松钠',   '1g',            '支', '华北制药',         '注射', '西药',   12.00,  'ZSYTB', '2024-01-15');

-- ============================================================
-- 8. 员工表 employee
-- ============================================================
-- 科室1-神经内科医生
INSERT INTO `employee` (`id`, `deptment_id`, `regist_level_id`, `scheduling_id`, `realname`, `password`, `delmark`) VALUES
(1,  1, 2, 1, '张明华', 'e10adc3949ba59abbe56e057f20f883e', 1),
(2,  1, 2, 2, '李雪梅', 'e10adc3949ba59abbe56e057f20f883e', 1),
(3,  1, 1, 1, '王建国', 'e10adc3949ba59abbe56e057f20f883e', 1),
-- 科室2-神经外科医生
(4,  2, 2, 1, '赵德强', 'e10adc3949ba59abbe56e057f20f883e', 1),
(5,  2, 2, 3, '陈志远', 'e10adc3949ba59abbe56e057f20f883e', 1),
-- 科室3-心内科医生
(6,  3, 2, 1, '刘心怡', 'e10adc3949ba59abbe56e057f20f883e', 1),
(7,  3, 1, 4, '周慧敏', 'e10adc3949ba59abbe56e057f20f883e', 1),
-- 科室4-骨科医生
(8,  4, 2, 1, '孙正骨', 'e10adc3949ba59abbe56e057f20f883e', 1),
(9,  4, 1, 2, '钱大力', 'e10adc3949ba59abbe56e057f20f883e', 1),
-- 科室5-呼吸内科医生
(10, 5, 2, 1, '吴清风', 'e10adc3949ba59abbe56e057f20f883e', 1),
(11, 5, 1, 4, '郑秋月', 'e10adc3949ba59abbe56e057f20f883e', 1),
-- 科室6-消化内科医生
(12, 6, 2, 1, '冯胃肠', 'e10adc3949ba59abbe56e057f20f883e', 1),
-- 科室7-普外科医生
(13, 7, 2, 1, '褚一刀', 'e10adc3949ba59abbe56e057f20f883e', 1),
(14, 7, 1, 2, '卫思齐', 'e10adc3949ba59abbe56e057f20f883e', 1),
-- 科室8-儿科医生
(15, 8, 2, 1, '蒋小宝', 'e10adc3949ba59abbe56e057f20f883e', 1),
-- 科室9-皮肤科医生
(16, 9, 1, 3, '沈白净', 'e10adc3949ba59abbe56e057f20f883e', 1),
-- 科室10-眼科医生
(17, 10, 2, 1, '韩明亮', 'e10adc3949ba59abbe56e057f20f883e', 1),
-- 急诊科值班医生（不同科室兼急诊）
(18, 1, 4, 5, '杨急救', 'e10adc3949ba59abbe56e057f20f883e', 1);

-- ============================================================
-- 9. 挂号表 register
-- ============================================================
-- 病例1: 王大爷 - 神经内科 脑梗死患者（已完成就诊）
INSERT INTO `register` (`id`, `case_number`, `real_name`, `gender`, `card_number`, `birthdate`, `age`, `age_type`, `home_address`, `visit_date`, `noon`, `deptment_id`, `employee_id`, `regist_level_id`, `settle_category_id`, `is_book`, `regist_method`, `regist_money`, `visit_state`) VALUES
(1,  'BL20240001', '王建国', '男', '210102195503151234', '1955-03-15', 69, '年', '沈阳市和平区中山路88号',   '2024-06-03 08:30:00', '上午', 1, 1, 2, 1, '否', '医保卡', 50.00, 3),

-- 病例2: 李阿姨 - 神经内科 偏头痛（看诊结束）
(2,  'BL20240002', '李淑芬', '女', '210102196808220045', '1968-08-22', 56, '年', '沈阳市沈河区北京街12号',  '2024-06-03 09:15:00', '上午', 1, 2, 2, 1, '否', '医保卡', 50.00, 3),

-- 病例3: 张先生 - 心内科 高血压（看诊结束）
(3,  'BL20240003', '张伟',   '男', '210103198207160078', '1982-07-16', 42, '年', '沈阳市皇姑区黄河大街56号', '2024-06-03 10:00:00', '上午', 3, 6, 2, 1, '否', '医保卡', 50.00, 3),

-- 病例4: 赵女士 - 呼吸内科 肺炎（医生接诊中）
(4,  'BL20240004', '赵美丽', '女', '210104199105030034', '1991-05-03', 33, '年', '沈阳市大东区东顺城街99号', '2024-06-03 10:30:00', '上午', 5, 10, 2, 2, '否', '微信',   50.00, 2),

-- 病例5: 小刘 - 骨科 骨折（已挂号，等待接诊）
(5,  'BL20240005', '刘小强', '男', '210102200008120056', '2000-08-12', 24, '年', '沈阳市和平区文化路1号',    '2024-06-03 14:00:00', '下午', 4, 8, 2, 2, '否', '支付宝', 50.00, 1),

-- 病例6: 陈大爷 - 神经内科 癫痫复诊（看诊结束）
(6,  'BL20240006', '陈国栋', '男', '210102194512010012', '1945-12-01', 79, '年', '沈阳市铁西区兴华南街34号', '2024-06-04 08:00:00', '上午', 1, 1, 2, 1, '否', '医保卡', 50.00, 3),

-- 病例7: 周先生 - 心内科 心律失常（已挂号）
(7,  'BL20240007', '周明远', '男', '210103199508250023', '1995-08-25', 29, '年', '沈阳市浑南区世纪路7号',    '2024-06-04 09:00:00', '上午', 3, 6, 1, 2, '否', '现金',   14.00, 1),

-- 病例8: 小明明 - 儿科 儿童腹泻（看诊结束）
(8,  'BL20240008', '李小明', '男', '210102201806150011', '2018-06-15',  6, '年', '沈阳市沈河区青年大街168号', '2024-06-04 09:30:00', '上午', 8, 15, 1, 2, '否', '微信',   14.00, 3),

-- 病例9: 孙先生 - 消化内科 胃溃疡（看诊结束）
(9,  'BL20240009', '孙志远', '男', '210104198811120067', '1988-11-12', 36, '年', '沈阳市大东区大东路45号',   '2024-06-04 10:00:00', '上午', 6, 12, 2, 1, '否', '医保卡', 50.00, 3),

-- 病例10: 吴女士 - 皮肤科 带状疱疹（看诊结束）
(10, 'BL20240010', '吴秀兰', '女', '210102197509280089', '1975-09-28', 49, '年', '沈阳市和平区南五马路22号', '2024-06-04 14:30:00', '下午', 9, 16, 1, 3, '否', '现金',   14.00, 3),

-- 病例11: 同一患者二次挂号 - 王建国 高血压复查（已退号）
(11, 'BL20240001', '王建国', '男', '210102195503151234', '1955-03-15', 69, '年', '沈阳市和平区中山路88号',   '2024-06-05 08:00:00', '上午', 3, 7, 1, 1, '否', '医保卡', 14.00, 4),

-- 病例12: 何先生 - 骨科 颈椎病（医生接诊中）
(12, 'BL20240011', '何立伟', '男', '210103199203080045', '1992-03-08', 32, '年', '沈阳市皇姑区北陵大街28号', '2024-06-05 09:00:00', '上午', 4, 9, 1, 2, '否', '支付宝', 14.00, 2),

-- 病例13: 小红 - 呼吸内科 上呼吸道感染（看诊结束）
(13, 'BL20240012', '杨小红', '女', '210104200509220033', '2005-09-22', 19, '年', '沈阳市浑南区创新路66号',   '2024-06-05 10:30:00', '上午', 5, 11, 1, 2, '否', '微信',   14.00, 3),

-- 病例14: 钱先生 - 神经外科 脑出血（看诊结束）
(14, 'BL20240013', '钱进',   '男', '210102196701040021', '1967-01-04', 57, '年', '沈阳市沈河区小南街78号',   '2024-06-05 14:00:00', '下午', 2, 4, 2, 1, '否', '医保卡', 50.00, 3),

-- 病例15: 马女士 - 眼科 青光眼（已挂号）
(15, 'BL20240014', '马丽华', '女', '210103195912160078', '1959-12-16', 65, '年', '沈阳市铁西区北二东路15号', '2024-06-06 08:30:00', '上午', 10, 17, 2, 1, '否', '医保卡', 50.00, 1);

-- ============================================================
-- 10. 检查申请表 check_request
-- ============================================================
-- 病例1 王建国 脑梗死 → 头颅CT + 头颅MRI
INSERT INTO `check_request` (`id`, `register_id`, `medical_technology_id`, `check_info`, `check_position`, `creation_time`, `check_employee_id`, `inputcheck_employee_id`, `check_time`, `check_result`, `check_state`, `check_remark`) VALUES
(1, 1, 1, '明确脑梗死部位及范围',               '头部', '2024-06-03 09:00:00', 4,  4,  '2024-06-03 09:30:00', '左侧基底节区可见低密度影，提示脑梗死',                 '已出结果', '急诊检查'),
(2, 1, 2, '进一步评估脑组织损伤程度',            '头部', '2024-06-03 09:05:00', 4,  4,  '2024-06-03 10:30:00', '左侧基底节区及放射冠区异常信号，符合急性脑梗死MRI表现', '已出结果', NULL),

-- 病例2 李淑芬 偏头痛 → 头颅CT排除性检查
(3, 2, 1, '排除颅内占位及出血',                 '头部', '2024-06-03 09:45:00', 4,  4,  '2024-06-03 10:15:00', '头颅CT未见明显异常',                                   '已出结果', NULL),

-- 病例3 张伟 高血压 → 心脏彩超
(4, 3, 6, '评估心脏结构及功能',                 '心脏', '2024-06-03 10:30:00', 6,  6,  '2024-06-03 11:00:00', '左室壁增厚，左室舒张功能减低',                          '已出结果', '高血压心脏病改变'),

-- 病例4 赵美丽 肺炎 → 胸部CT（检查中）
(5, 4, 3, '明确肺部感染范围',                   '胸部', '2024-06-03 11:00:00', NULL, NULL, NULL,             NULL,                                                    '待检查',   NULL),

-- 病例6 陈国栋 癫痫 → 脑电图
(6, 6, 7, '评估癫痫放电情况',                   '头部', '2024-06-04 08:45:00', 1,  1,  '2024-06-04 09:30:00', '可见棘慢复合波发放，以左颞区为主',                     '已出结果', '支持癫痫诊断'),

-- 病例14 钱进 脑出血 → 头颅CT
(7, 14, 1, '明确出血部位及出血量',               '头部', '2024-06-05 15:00:00', 4,  5,  '2024-06-05 15:30:00', '右侧基底节区高密度影，出血量约20ml',                   '已出结果', '需密切观察'),

-- 病例9 孙志远 胃溃疡 → 腹部超声
(8, 9, 4, '评估肝胆胰脾情况',                   '腹部', '2024-06-04 10:30:00', 12, 12, '2024-06-04 11:00:00', '肝胆胰脾未见明显异常',                                 '已出结果', NULL);

-- ============================================================
-- 11. 检验申请表 inspection_request
-- ============================================================
-- 病例1 王建国 脑梗死 → 血常规+凝血+肝肾功能
INSERT INTO `inspection_request` (`id`, `register_id`, `medical_technology_id`, `inspection_info`, `inspection_position`, `creation_time`, `inspection_employee_id`, `inputinspection_employee_id`, `inspection_time`, `inspection_result`, `inspection_state`, `inspection_remark`) VALUES
(1,  1,  9,  '常规血液检查',               '静脉血', '2024-06-03 09:00:00', 1,  1,  '2024-06-03 10:00:00', 'WBC 8.5×10^9/L, RBC 4.6×10^12/L, HGB 138g/L, PLT 210×10^9/L',  '已出结果', '基本正常'),
(2,  1,  15, '评估凝血功能',               '静脉血', '2024-06-03 09:00:00', 1,  1,  '2024-06-03 10:30:00', 'PT 12.5s, APTT 28s, INR 1.05',                                 '已出结果', '凝血功能正常范围'),
(3,  1,  11, '评估肝功能',                 '静脉血', '2024-06-03 09:00:00', 1,  1,  '2024-06-03 11:00:00', 'ALT 25U/L, AST 22U/L, 白蛋白 40g/L',                            '已出结果', '肝功能正常'),
(4,  1,  12, '评估肾功能',                 '静脉血', '2024-06-03 09:00:00', 1,  1,  '2024-06-03 11:00:00', 'BUN 5.8mmol/L, Cr 88μmol/L, UA 320μmol/L',                     '已出结果', '肾功能正常'),

-- 病例2 李淑芬 偏头痛 → 血常规
(5,  2,  9,  '常规血液检查',               '静脉血', '2024-06-03 09:45:00', 1,  1,  '2024-06-03 10:30:00', 'WBC 6.2×10^9/L, RBC 4.3×10^12/L, HGB 125g/L',                 '已出结果', '正常'),

-- 病例3 张伟 高血压 → 血脂+血糖+肾功能
(6,  3,  13, '评估血脂水平',               '静脉血', '2024-06-03 10:30:00', 1,  1,  '2024-06-03 12:00:00', 'TC 6.2mmol/L, TG 2.1mmol/L, HDL 0.9mmol/L, LDL 4.1mmol/L',    '已出结果', '高脂血症'),
(7,  3,  14, '空腹血糖',                   '静脉血', '2024-06-03 10:30:00', 1,  1,  '2024-06-03 12:00:00', 'GLU 5.8mmol/L',                                                 '已出结果', '血糖正常偏高'),
(8,  3,  12, '评估肾功能',                 '静脉血', '2024-06-03 10:30:00', 1,  1,  '2024-06-03 12:00:00', 'BUN 6.2mmol/L, Cr 95μmol/L',                                   '已出结果', '肾功能正常'),

-- 病例4 赵美丽 肺炎 → 血常规+C反应蛋白（检验中）
(9,  4,  9,  '评估感染指标',               '静脉血', '2024-06-03 11:00:00', NULL, NULL, NULL,             NULL,                                                            '待检验',   NULL),
(10, 4,  17, '评估炎症程度',               '静脉血', '2024-06-03 11:00:00', NULL, NULL, NULL,             NULL,                                                            '待检验',   NULL),

-- 病例8 小明明 儿童腹泻 → 血常规+尿常规
(11, 8,  9,  '常规血液检查',               '静脉血', '2024-06-04 10:00:00', 15, 15, '2024-06-04 11:00:00', 'WBC 11.2×10^9/L, RBC 4.5×10^12/L, HGB 120g/L',                '已出结果', '白细胞轻度升高'),
(12, 8,  10, '尿常规检查',                 '尿液',   '2024-06-04 10:00:00', 15, 15, '2024-06-04 11:00:00', '尿蛋白(-), 尿白细胞(-)',                                       '已出结果', '正常'),

-- 病例14 钱进 脑出血 → 凝血+电解质
(13, 14, 15, '评估凝血功能',               '静脉血', '2024-06-05 15:00:00', 1,  1,  '2024-06-05 16:00:00', 'PT 13.2s, APTT 30s, INR 1.12',                                '已出结果', '正常范围'),
(14, 14, 18, '评估电解质',                 '静脉血', '2024-06-05 15:00:00', 1,  1,  '2024-06-05 16:00:00', 'K+ 3.8mmol/L, Na+ 142mmol/L, Cl- 100mmol/L',                  '已出结果', '正常'),

-- 病例10 吴秀兰 带状疱疹 → 血常规
(15, 10, 9,  '常规血液检查',               '静脉血', '2024-06-04 15:00:00', 16, 16, '2024-06-04 16:00:00', 'WBC 7.8×10^9/L, 淋巴细胞比例偏高',                             '已出结果', '病毒感染可能');

-- ============================================================
-- 12. 处置申请表 disposal_request
-- ============================================================
-- 病例1 王建国 脑梗死 → 静脉输液
INSERT INTO `disposal_request` (`id`, `register_id`, `medical_technology_id`, `disposal_info`, `disposal_position`, `creation_time`, `disposal_employee_id`, `inputdisposal_employee_id`, `disposal_time`, `disposal_result`, `disposal_state`, `disposal_remark`) VALUES
(1, 1, 19, '静脉输注舒血宁改善循环',       '上肢静脉', '2024-06-03 11:30:00', 3,  3,  '2024-06-03 14:00:00', '输液完成，患者无不适',               '已完成', '注意观察过敏反应'),

-- 病例4 赵美丽 肺炎 → 雾化吸入（待处置）
(2, 4, 21, '雾化吸入化痰止咳',             '呼吸道',   '2024-06-03 11:15:00', NULL, NULL, NULL,             NULL,                                  '待处置', NULL),

-- 病例5 刘小强 骨折 → 石膏固定（待处置）
(3, 5, 23, '右前臂骨折石膏外固定',          '右前臂',   '2024-06-03 14:30:00', NULL, NULL, NULL,             NULL,                                  '待处置', '需先拍X光确认'),

-- 病例8 小明明 儿童腹泻 → 静脉输液
(4, 8, 19, '补液防止脱水',                 '上肢静脉', '2024-06-04 10:30:00', 15, 15, '2024-06-04 11:30:00', '输液完成，患儿脱水纠正',             '已完成', NULL),

-- 病例6 陈国栋 癫痫 → 腰椎穿刺
(5, 6, 24, '腰穿检查脑脊液',               '腰椎',     '2024-06-04 09:30:00', 1,  1,  '2024-06-04 10:30:00', '脑脊液压力正常，常规生化大致正常',   '已完成', '术后平卧6小时'),

-- 病例14 钱进 脑出血 → 静脉输液
(6, 14, 19, '降颅压补液治疗',               '上肢静脉', '2024-06-05 15:30:00', 4,  4,  '2024-06-05 17:00:00', '输液完成，颅内压监测平稳',          '已完成', '密切观察意识变化'),

-- 病例9 孙志远 胃溃疡 → 肌肉注射
(7, 9, 20, '解痉止痛肌注',                 '臀部',     '2024-06-04 11:00:00', 12, 12, '2024-06-04 11:15:00', '注射完成，患者疼痛缓解',            '已完成', NULL),

-- 病例12 何立伟 颈椎病 → 雾化+换药（处置中）
(8, 12, 21, '颈部理疗雾化',                '颈部',     '2024-06-05 09:30:00', NULL, NULL, NULL,             NULL,                                  '处置中', NULL);

-- ============================================================
-- 13. 处方表 prescription
-- ============================================================
-- 病例1 王建国 脑梗死 → 抗血小板+降脂+改善循环
INSERT INTO `prescription` (`id`, `register_id`, `drug_id`, `drug_usage`, `drug_number`, `creation_time`, `drug_state`) VALUES
(1,  1,  1,  '口服，每日1次，每次100mg',       '3盒',  '2024-06-03 11:30:00', '已发药'),
(2,  1,  2,  '口服，每日1次，每次75mg',         '4盒',  '2024-06-03 11:30:00', '已发药'),
(3,  1,  3,  '口服，每晚1次，每次20mg',         '4盒',  '2024-06-03 11:30:00', '已发药'),
(4,  1,  15, '静脉滴注，每日1次，每次20ml',     '3支',  '2024-06-03 11:30:00', '已执行'),

-- 病例2 李淑芬 偏头痛 → 止痛+预防
(5,  2,  8,  '口服，必要时每次300mg',           '1盒',  '2024-06-03 10:30:00', '已发药'),
(6,  2,  12, '口服，每日2次，每次200mg',        '1盒',  '2024-06-03 10:30:00', '已发药'),

-- 病例3 张伟 高血压 → 降压+降脂
(7,  3,  4,  '口服，每日1次，每次30mg',         '4盒',  '2024-06-03 12:00:00', '已发药'),
(8,  3,  5,  '口服，每日1次，每次47.5mg',       '4盒',  '2024-06-03 12:00:00', '已发药'),
(9,  3,  3,  '口服，每晚1次，每次20mg',         '4盒',  '2024-06-03 12:00:00', '已发药'),

-- 病例6 陈国栋 癫痫 → 抗癫痫药
(10, 6,  13, '口服，每日2次，每次500mg',        '2盒',  '2024-06-04 10:30:00', '已发药'),

-- 病例8 小明明 儿童腹泻 → 止泻+补液
(11, 8,  18, '口服，每日3次，每次1袋',          '2盒',  '2024-06-04 10:30:00', '已发药'),

-- 病例9 孙志远 胃溃疡 → 抑酸+护胃
(12, 9,  6,  '口服，每日2次，每次20mg',         '2盒',  '2024-06-04 11:30:00', '已发药'),
(13, 9,  7,  '口服，每日2次，每次100mg',        '2盒',  '2024-06-04 11:30:00', '已发药'),

-- 病例10 吴秀兰 带状疱疹 → 抗病毒+止痛+抗过敏
(14, 10, 17, '口服，每日3次，每次500mg',        '2盒',  '2024-06-04 15:30:00', '已发药'),
(15, 10, 8,  '口服，必要时每次300mg',           '1盒',  '2024-06-04 15:30:00', '已发药'),
(16, 10, 20, '口服，每日1次，每次10mg',         '1盒',  '2024-06-04 15:30:00', '已发药'),

-- 病例13 杨小红 上呼吸道感染 → 感冒药+抗生素
(17, 13, 9,  '口服，每日3次，每次500mg',        '1盒',  '2024-06-05 11:00:00', '已发药'),
(18, 13, 17, '口服，每日3次，每次500mg',        '2盒',  '2024-06-05 11:00:00', '已发药'),

-- 病例14 钱进 脑出血 → 降颅压+改善循环
(19, 14, 4,  '口服，每日1次，每次30mg',         '4盒',  '2024-06-05 16:00:00', '已发药'),
(20, 14, 15, '静脉滴注，每日1次，每次20ml',     '5支',  '2024-06-05 16:00:00', '已执行');

-- ============================================================
-- 数据统计
-- ============================================================
-- department:         10 条 (含内科/外科/专科)
-- regist_level:        4 条 (普通/专家/特需/急诊)
-- settle_category:     4 条 (医保/自费/新农合/工伤)
-- scheduling:          5 条 (不同排班规则)
-- medical_technology: 25 条 (8检查+10检验+7处置)
-- disease:            25 条 (覆盖神经/心血管/呼吸/消化/骨科/皮肤/眼科/儿科)
-- drug_info:          25 条 (西药+中成药+注射液)
-- employee:           18 条 (17个科室医生+1急诊值班)
-- register:           15 条 (含不同visit_state和业务场景)
-- check_request:       8 条 (CT/MRI/超声/脑电图/X线)
-- inspection_request: 15 条 (血常规/尿常规/肝肾功能/凝血/血脂/血糖/CRP/电解质)
-- disposal_request:    8 条 (输液/注射/雾化/石膏/腰穿/换药/清创)
-- prescription:       20 条 (覆盖多种药品和用法)
-- ============================================================
